<?xml version="1.0" encoding="UTF-8"?>
<project-private xmlns="http://www.netbeans.org/ns/project-private/1">
    <editor-bookmarks xmlns="http://www.netbeans.org/ns/editor-bookmarks/2" lastBookmarkId="0"/>
    <open-files xmlns="http://www.netbeans.org/ns/projectui-open-files/2">
        <group>
            <file>file:/C:/Users/Usuário/OneDrive/Área%20de%20Trabalho/123/Sistema-de-Supermercado-Supermercado/src/sistema_de_supermercado/ValidarCPF.java</file>
            <file>file:/C:/Users/Usuário/OneDrive/Área%20de%20Trabalho/123/Sistema-de-Supermercado-Supermercado/src/Interface_sistema_de_supermercado/Tela_Cadastro.java</file>
            <file>file:/C:/Users/Usuário/OneDrive/Área%20de%20Trabalho/123/Sistema-de-Supermercado-Supermercado/src/sistema_de_supermercado/Cliente.java</file>
            <file>file:/C:/Users/Usuário/OneDrive/Área%20de%20Trabalho/123/Sistema-de-Supermercado-Supermercado/src/sistema_de_supermercado/Produto.java</file>
            <file>file:/C:/Users/Usuário/OneDrive/Área%20de%20Trabalho/123/Sistema-de-Supermercado-Supermercado/src/sistema_de_supermercado/CriptografaSenha.java</file>
            <file>file:/C:/Users/Usuário/OneDrive/Área%20de%20Trabalho/123/Sistema-de-Supermercado-Supermercado/src/sistema_de_supermercado/TipoUsuario.java</file>
            <file>file:/C:/Users/Usuário/OneDrive/Área%20de%20Trabalho/123/Sistema-de-Supermercado-Supermercado/src/sistema_de_supermercado/Chefe.java</file>
            <file>file:/C:/Users/Usuário/OneDrive/Área%20de%20Trabalho/123/Sistema-de-Supermercado-Supermercado/src/sistema_de_supermercado/Funcionario.java</file>
            <file>file:/C:/Users/Usuário/OneDrive/Área%20de%20Trabalho/123/Sistema-de-Supermercado-Supermercado/src/sistema_de_supermercado/Atendente.java</file>
            <file>file:/C:/Users/Usuário/OneDrive/Área%20de%20Trabalho/123/Sistema-de-Supermercado-Supermercado/src/sistema_de_supermercado/Pessoa.java</file>
            <file>file:/C:/Users/Usuário/OneDrive/Área%20de%20Trabalho/123/Sistema-de-Supermercado-Supermercado/src/Interface_sistema_de_supermercado/Tela_Busca.java</file>
        </group>
    </open-files>
</project-private>
